{
    "NORMAL": 1.9365671641791045,
    "PNEUMONIA": 0.674025974025974
}